Date,Word
,ರಾಜಕಾರಣ
,ಅಡುಗೆಮನೆ
,ನಾಗರಿಕತೆ
,ಪರಿಸರದ
,ಬೆಳವಣಿಗೆ
,ಹೊಸತನದ
,ಹಸಿರುಮನೆ
,ಹೆಸರಗಳು
,ಮರಗಳಲಿ
,ಮರದಮನೆ
,ಪದಗಳಲಿ
,ಪದಗಳನು
,ನಗರಗಳು
,ನಗರವಾಸಿ
,ನಗರಜನ
,ಕೆಲಸದಲಿ
,ಕೆಲಸಗಾರ
,ವಿವರದಲಿ
,ಹೊರಗಿನದು
,ಒಳಗಿನದು
,ಆಟಗಳಲಿ
,ಆಟಗಾರರು
,ಆಟದಮನೆ
,ಊಟದಮನೆ
,ಅಡುಗೆಯಲಿ
,ತರಕಾರಿಯ
,ಬರಹಗಾರ
,ಬರಹಗಳು
,ಓದುವುದರ
,ಪಾಠಗಳನು
,ಮಾತುಗಳನು
,ಅರಿವಿನದು
,ಅರಿಯುವುದು
,ಮರೆಯುವುದು
,ಪಡೆಯುವುದು
,ಉಳಿಯುವುದು
,ಕಲಿಸುವುದು
,ಉಳಿಸುವುದು
,ಬೆಳೆಸುವುದು
,ನಡೆಸುವುದು
,ತೋರಿಸುವುದು
,ಸೇರಿಸುವುದು
,ಕಡಿಮೆಯದು
,ಬದಲಾವಣೆ
,ಬದಲಾದದು
,ಬೆಳಕಿನದು
,ಮೋಡಗಳಲಿ
,ನದಿಗಳಲಿ
,ಕೊಳಗಳಲಿ
,ಹೊಲಗಳಲಿ
,ತೋಟಗಳಲಿ
,ಗಿಡಗಳಲಿ
,ಮನೆಗಳಲಿ
,ಮನೆಯವರು
,ಊರಿನವರು
,ಹಳದಿಯದು
,ಸರಳವಾದ
,ಸುಂದರದಲಿ
,ನಿಜವಾದದು
,ಉದಾಹರಣೆ
,ಕಾರಣದಲಿ
,ವಿವರಣೆಯ
,ಸಮಯದಲಿ
,ದಿನಗಳಲಿ
,ವಾರಗಳಲಿ
,ಬೆಳಗಿನದು
,ದೀಪಗಳಲಿ
,ದಾರಿಗಳಲಿ
,ಕುದುರೆಗಳು
,ಮರಿಗಳನು
,ಸಸಿಗಳಲಿ
,ಬೀಜಗಳನು
,ಬೆಳೆಗಳನು
,ಹೂಗಿಡಗಳು
,ಕಡಲೆಕಾಯಿ
,ತೆಂಗಿನಕಾಯಿ
,ಅಂಗಡಿಯಲಿ
,ಹಸುಗಳನು
,ಮೇಕೆಗಳನು
,ಆನೆಗಳನು
,ಕೋತಿಗಳನು
,ಮೊಸರಿನದು
,ನಗುವಿನದು
,ಸಹಾಯದಲಿ
,ಜೀವನದಲಿ
,ಕಾರಣಗಳು
,ಸಮಯಗಳು
,ಬೆಳಗಿನಲಿ
,ಹಸಿರಿನದು
,ಬಿಸಿಯಾದದು
,ಬಿಳಿಯಾದದು
,ಸರಿಯಾದದು
,ಹಳೆಯಮನೆ
,ಮೂರನೆಯದು
,ಆರನೆಯದು
,ಒಂದನೆಯದು
,ತಿಳುವಳಿಕೆ
,ಕಲಿಕೆಯಲಿ
,ಓದುಗರಲಿ
,ಗುರುಗಳನು
